Cod_comuna_x;Cod_corregimiento;NOM_CORREGIMIENTO;Cod_vereda;NOM_VEREDA;Cod_barrio;NOM_BARRIO;Count of documento
1;0;SIN CORREGIMIENTO;0;SIN VEREDA;1;EL PAULON VILLA PATRICIA;421
1;0;SIN CORREGIMIENTO;0;SIN VEREDA;2;EL PAULON VILLA LINA;962
1;0;SIN CORREGIMIENTO;0;SIN VEREDA;3;COLORADOS;2836
1;0;SIN CORREGIMIENTO;0;SIN VEREDA;4;EL PAULON;1133
1;0;SIN CORREGIMIENTO;0;SIN VEREDA;5;ROSALTA COLORADOS;350
1;0;SIN CORREGIMIENTO;0;SIN VEREDA;6;COLORADOS PATIO BONITO;351
1;0;SIN CORREGIMIENTO;0;SIN VEREDA;7;CAFÉ MADRID VILLA ALICIA;190
1;0;SIN CORREGIMIENTO;0;SIN VEREDA;8;EL ROSAL COLORADOS;681
1;0;SIN CORREGIMIENTO;0;SIN VEREDA;9;LAS DELICIAS;23
1;0;SIN CORREGIMIENTO;0;SIN VEREDA;10;ASENTAMIENTO BARRIO NUEVO;21
1;0;SIN CORREGIMIENTO;0;SIN VEREDA;11;DIVINO NIÑO NORTE;275
1;0;SIN CORREGIMIENTO;0;SIN VEREDA;12;CAFÉ MADRID EL TÚNEL;714
1;0;SIN CORREGIMIENTO;0;SIN VEREDA;13;CAFÉ MADRID LA UNIÓN;110
1;0;SIN CORREGIMIENTO;0;SIN VEREDA;14;CAFÉ MADRID;673
1;0;SIN CORREGIMIENTO;0;SIN VEREDA;15;CAFÉ MADRID LA PLAYA;646
1;0;SIN CORREGIMIENTO;0;SIN VEREDA;19;CAFÉ MADRID LA LOMA;204
1;0;SIN CORREGIMIENTO;0;SIN VEREDA;24;CIUDADELA CAFÉ MADRID ;1987
1;0;SIN CORREGIMIENTO;0;SIN VEREDA;25;CAFÉ MADRID EL PLAN;707
1;0;SIN CORREGIMIENTO;0;SIN VEREDA;26;CAFÉ MADRID LA VIRGEN;158
1;0;SIN CORREGIMIENTO;0;SIN VEREDA;27;CAFÉ MADRID EL SUICHE;57
1;0;SIN CORREGIMIENTO;0;SIN VEREDA;28;CAFÉ MADRID EL CABLE;417
1;0;SIN CORREGIMIENTO;0;SIN VEREDA;29;KENNEDY;2898
1;0;SIN CORREGIMIENTO;0;SIN VEREDA;30;VILLA ALEGRIA;899
1;0;SIN CORREGIMIENTO;0;SIN VEREDA;31;LAS HAMACAS;731
1;0;SIN CORREGIMIENTO;0;SIN VEREDA;32;MARÍA PAZ;3780
1;0;SIN CORREGIMIENTO;0;SIN VEREDA;33;ALTOS DEL KENNEDY;488
1;0;SIN CORREGIMIENTO;0;SIN VEREDA;35;MINUTO DE DIOS;917
1;0;SIN CORREGIMIENTO;0;SIN VEREDA;36;MIRADOR DEL KENNEDY;173
1;0;SIN CORREGIMIENTO;0;SIN VEREDA;38;COLSEGUROS NORTE;955
1;0;SIN CORREGIMIENTO;0;SIN VEREDA;39;OMAGA I ;194
1;0;SIN CORREGIMIENTO;0;SIN VEREDA;40;MIRAMAR;463
1;0;SIN CORREGIMIENTO;0;SIN VEREDA;41;BALCONES DEL KENNEDY;1121
1;0;SIN CORREGIMIENTO;0;SIN VEREDA;42;VILLA MARÍA;374
1;0;SIN CORREGIMIENTO;0;SIN VEREDA;43;ASENTAMIENTO VILLA MARÍA;3
1;0;SIN CORREGIMIENTO;0;SIN VEREDA;45;LOS ÁNGELES;2
1;0;SIN CORREGIMIENTO;0;SIN VEREDA;47;OLAS ALTAS Y BAJAS;1061
1;0;SIN CORREGIMIENTO;0;SIN VEREDA;49;PAISAJES DEL NORTE;717
1;0;SIN CORREGIMIENTO;0;SIN VEREDA;50;VILLA ROSA;5615
1;0;SIN CORREGIMIENTO;0;SIN VEREDA;54;MIRADOR NORTE;2
1;0;SIN CORREGIMIENTO;0;SIN VEREDA;55;CLAVERIANO;1378
1;0;SIN CORREGIMIENTO;0;SIN VEREDA;56;ALTOS DEL PROGRESO;1236
1;0;SIN CORREGIMIENTO;0;SIN VEREDA;58;13 DE JUNIO;209
1;0;SIN CORREGIMIENTO;0;SIN VEREDA;69;VILLA MERCEDES;1
1;0;SIN CORREGIMIENTO;0;SIN VEREDA;88;CAFÉ MADRID LA 40;97
1;0;SIN CORREGIMIENTO;0;SIN VEREDA;91;TEJADITOS;25
1;0;SIN CORREGIMIENTO;0;SIN VEREDA;94;EL NOGAL 2;650
1;0;SIN CORREGIMIENTO;0;SIN VEREDA;108;LIMONCITO MORRORRICO;3
1;0;SIN CORREGIMIENTO;0;SIN VEREDA;229;VILLA SARA;4
1;0;SIN CORREGIMIENTO;0;SIN VEREDA;230;VILLA ALICIA;168
1;0;SIN CORREGIMIENTO;0;SIN VEREDA;235;DELICIAS NORTE;114
1;0;SIN CORREGIMIENTO;0;SIN VEREDA;244;VILLA FLOR;4
1;0;SIN CORREGIMIENTO;0;SIN VEREDA;247;LA FORTUNA;501
1;0;SIN CORREGIMIENTO;0;SIN VEREDA;281;SAN IGNACIO REAL;423
1;0;SIN CORREGIMIENTO;0;SIN VEREDA;291;CAMINOS DE PAZ;149
1;0;SIN CORREGIMIENTO;0;SIN VEREDA;292;LAS TUNAS;2
1;0;SIN CORREGIMIENTO;0;SIN VEREDA;297;TEJAR II;853
1;0;SIN CORREGIMIENTO;0;SIN VEREDA;298;TEJAR I;602
1;0;SIN CORREGIMIENTO;0;SIN VEREDA;299;OMAGA II;600
1;0;SIN CORREGIMIENTO;0;SIN VEREDA;301;CERVUNION;393
1;0;SIN CORREGIMIENTO;0;SIN VEREDA;302;ASENTAMIENTO LUZ DE ESPERANZA;28
1;0;SIN CORREGIMIENTO;0;SIN VEREDA;305;SAN VALENTÍN;598
1;0;SIN CORREGIMIENTO;0;SIN VEREDA;311;ALTOS DE BETANIA;1239
1;0;SIN CORREGIMIENTO;0;SIN VEREDA;328;CAMPESTRE NORTE ;2607
1;0;SIN CORREGIMIENTO;0;SIN VEREDA;332;BONANZA CAMPESTRE;502
1;0;SIN CORREGIMIENTO;0;SIN VEREDA;335;PUENTE NARIÑO;1043
1;0;SIN CORREGIMIENTO;0;SIN VEREDA;338;CAFE MADRID LA SEXTA;102
1;0;SIN CORREGIMIENTO;0;SIN VEREDA;342;VILLAS DE SAN IGNACIO;757
1;0;SIN CORREGIMIENTO;0;SIN VEREDA;346;JARDINES DE ALTAGRACIA;136
1;0;SIN CORREGIMIENTO;0;SIN VEREDA;348;PORTAL DE LOS ÁNGELES;702
1;0;SIN CORREGIMIENTO;0;SIN VEREDA;350;BETANIA ;3154
1;0;SIN CORREGIMIENTO;0;SIN VEREDA;351;CAFÉ MADRID LA ESTACIÓN;829
1;0;SIN CORREGIMIENTO;0;SIN VEREDA;354;MIRADOR DE COLORADOS;163
1;0;SIN CORREGIMIENTO;0;SIN VEREDA;356;BAVARIA;2737
1;0;SIN CORREGIMIENTO;0;SIN VEREDA;357;CAFÉ MADRID CORRALES;49
1;0;SIN CORREGIMIENTO;0;SIN VEREDA;359;GETSEMANI;485
1;0;SIN CORREGIMIENTO;0;SIN VEREDA;361;VILLAS DEL NOGAL;4
1;0;SIN CORREGIMIENTO;0;SIN VEREDA;366;LOS CEDROS NORTE;78
1;0;SIN CORREGIMIENTO;0;SIN VEREDA;370;CAMPO MADRID;4036
2;0;SIN CORREGIMIENTO;0;SIN VEREDA;0;BARRIO_S4;492
2;0;SIN CORREGIMIENTO;0;SIN VEREDA;8;EL ROSAL COLORADOS;2
2;0;SIN CORREGIMIENTO;0;SIN VEREDA;21;MIRADOR DE LA UIS;833
2;0;SIN CORREGIMIENTO;0;SIN VEREDA;37;LOS CUADROS;916
2;0;SIN CORREGIMIENTO;0;SIN VEREDA;44;VILLA HELENA I Y II;2444
2;0;SIN CORREGIMIENTO;0;SIN VEREDA;45;LOS ÁNGELES;1027
2;0;SIN CORREGIMIENTO;0;SIN VEREDA;46;JOSE MARÍA CÓRDOBA;778
2;0;SIN CORREGIMIENTO;0;SIN VEREDA;47;OLAS ALTAS Y BAJAS;79
2;0;SIN CORREGIMIENTO;0;SIN VEREDA;50;VILLA ROSA;276
2;0;SIN CORREGIMIENTO;0;SIN VEREDA;51;LIZCANO I Y II;609
2;0;SIN CORREGIMIENTO;0;SIN VEREDA;52;ESPERANZA II;2017
2;0;SIN CORREGIMIENTO;0;SIN VEREDA;53;ESPERANZA III;1101
2;0;SIN CORREGIMIENTO;0;SIN VEREDA;54;MIRADOR NORTE;1080
2;0;SIN CORREGIMIENTO;0;SIN VEREDA;57;BOSCONIA ;10
2;0;SIN CORREGIMIENTO;0;SIN VEREDA;58;13 DE JUNIO;5
2;0;SIN CORREGIMIENTO;0;SIN VEREDA;59;LA GRANJITA;229
2;0;SIN CORREGIMIENTO;0;SIN VEREDA;61;REGADERO NORTE;1623
2;0;SIN CORREGIMIENTO;0;SIN VEREDA;62;PRIMAVERAL REGADERO;160
2;0;SIN CORREGIMIENTO;0;SIN VEREDA;64;LA JUVENTUD;1371
2;0;SIN CORREGIMIENTO;0;SIN VEREDA;65;ESPERANZA I;1422
2;0;SIN CORREGIMIENTO;0;SIN VEREDA;66;SAN CRISTOBAL;827
2;0;SIN CORREGIMIENTO;0;SIN VEREDA;67;TRANSICIÓN I AL V;5380
2;0;SIN CORREGIMIENTO;0;SIN VEREDA;68;NUEVA COLOMBIA;404
2;0;SIN CORREGIMIENTO;0;SIN VEREDA;69;VILLA MERCEDES;2173
2;0;SIN CORREGIMIENTO;0;SIN VEREDA;70;OLITAS;361
2;0;SIN CORREGIMIENTO;0;SIN VEREDA;71;BOSQUE NORTE ;1303
2;0;SIN CORREGIMIENTO;0;SIN VEREDA;72;LA INDEPENDENCIA;3671
2;0;SIN CORREGIMIENTO;0;SIN VEREDA;74;NORTE BAJO;147
2;0;SIN CORREGIMIENTO;0;SIN VEREDA;75;SAN RAFAEL;5
2;0;SIN CORREGIMIENTO;0;SIN VEREDA;76;CHAPINERO;5
2;0;SIN CORREGIMIENTO;0;SIN VEREDA;87;DON BOSCO;2
2;0;SIN CORREGIMIENTO;0;SIN VEREDA;95;COMUNEROS;192
2;0;SIN CORREGIMIENTO;0;SIN VEREDA;101;UNIVERSIDAD;8
2;0;SIN CORREGIMIENTO;0;SIN VEREDA;110;MORRORRICO;30
2;0;SIN CORREGIMIENTO;0;SIN VEREDA;113;PUERTO RICO;2
2;0;SIN CORREGIMIENTO;0;SIN VEREDA;116;MIRAFLORES;4
2;0;SIN CORREGIMIENTO;0;SIN VEREDA;153;EL PANTANO I;11
2;0;SIN CORREGIMIENTO;0;SIN VEREDA;179;COLOMBIA;3
2;0;SIN CORREGIMIENTO;0;SIN VEREDA;223;PORVENIR BAJO;12
2;0;SIN CORREGIMIENTO;0;SIN VEREDA;271;MONEQUE;80
2;0;SIN CORREGIMIENTO;0;SIN VEREDA;337;CIUDADELA CLUB COMFENALCO;421
3;0;SIN CORREGIMIENTO;0;SIN VEREDA;21;MIRADOR DE LA UIS;2
3;0;SIN CORREGIMIENTO;0;SIN VEREDA;72;LA INDEPENDENCIA;29
3;0;SIN CORREGIMIENTO;0;SIN VEREDA;74;NORTE BAJO;586
3;0;SIN CORREGIMIENTO;0;SIN VEREDA;75;SAN RAFAEL;2104
3;0;SIN CORREGIMIENTO;0;SIN VEREDA;76;CHAPINERO;932
3;0;SIN CORREGIMIENTO;0;SIN VEREDA;95;COMUNEROS;4651
3;0;SIN CORREGIMIENTO;0;SIN VEREDA;96;MODELO;728
3;0;SIN CORREGIMIENTO;0;SIN VEREDA;97;MUTUALIDAD;1252
3;0;SIN CORREGIMIENTO;0;SIN VEREDA;98;SAN FRANCISCO;2055
3;0;SIN CORREGIMIENTO;0;SIN VEREDA;99;ALARCÓN;225
3;0;SIN CORREGIMIENTO;0;SIN VEREDA;100;SAN ALONSO;13
3;0;SIN CORREGIMIENTO;0;SIN VEREDA;101;UNIVERSIDAD;130
3;0;SIN CORREGIMIENTO;0;SIN VEREDA;113;PUERTO RICO;152
3;0;SIN CORREGIMIENTO;0;SIN VEREDA;130;CENTRO;4
3;0;SIN CORREGIMIENTO;0;SIN VEREDA;131;ANTONIA SANTOS CENTRO;5
3;0;SIN CORREGIMIENTO;0;SIN VEREDA;195;PABLO VI;51
3;0;SIN CORREGIMIENTO;0;SIN VEREDA;218;SAN EXPEDITO;5
3;0;SIN CORREGIMIENTO;0;SIN VEREDA;305;SAN VALENTÍN;1
4;0;SIN CORREGIMIENTO;0;SIN VEREDA;0;BARRIO_S4;2
4;0;SIN CORREGIMIENTO;0;SIN VEREDA;3;COLORADOS;2
4;0;SIN CORREGIMIENTO;0;SIN VEREDA;11;DIVINO NIÑO NORTE;6
4;0;SIN CORREGIMIENTO;0;SIN VEREDA;14;CAFÉ MADRID;2
4;0;SIN CORREGIMIENTO;0;SIN VEREDA;16;GALLINERAL;448
4;0;SIN CORREGIMIENTO;0;SIN VEREDA;18;5 DE ENERO;391
4;0;SIN CORREGIMIENTO;0;SIN VEREDA;20;CARLOS PIZARRO;137
4;0;SIN CORREGIMIENTO;0;SIN VEREDA;22;JOSE ANTONIO GALÁN;1671
4;0;SIN CORREGIMIENTO;0;SIN VEREDA;35;MINUTO DE DIOS;1
4;0;SIN CORREGIMIENTO;0;SIN VEREDA;46;JOSE MARÍA CÓRDOBA;1
4;0;SIN CORREGIMIENTO;0;SIN VEREDA;73;CINAL I II Y III;542
4;0;SIN CORREGIMIENTO;0;SIN VEREDA;74;NORTE BAJO;26
4;0;SIN CORREGIMIENTO;0;SIN VEREDA;75;SAN RAFAEL;4
4;0;SIN CORREGIMIENTO;0;SIN VEREDA;77;GAITÁN;3725
4;0;SIN CORREGIMIENTO;0;SIN VEREDA;78;GRANADA;727
4;0;SIN CORREGIMIENTO;0;SIN VEREDA;79;LA FERIA;658
4;0;SIN CORREGIMIENTO;0;SIN VEREDA;80;NAPOLES;903
4;0;SIN CORREGIMIENTO;0;SIN VEREDA;82;GIRARDOT;5190
4;0;SIN CORREGIMIENTO;0;SIN VEREDA;83;ZARABANDA;497
4;0;SIN CORREGIMIENTO;0;SIN VEREDA;84;CUYANITA;724
4;0;SIN CORREGIMIENTO;0;SIN VEREDA;85;CAMILO TORRES;677
4;0;SIN CORREGIMIENTO;0;SIN VEREDA;86;SANTANDER;1999
4;0;SIN CORREGIMIENTO;0;SIN VEREDA;87;DON BOSCO;985
4;0;SIN CORREGIMIENTO;0;SIN VEREDA;89;NAPOLES CURTIEMBRE;432
4;0;SIN CORREGIMIENTO;0;SIN VEREDA;90;LA GLORIA;888
4;0;SIN CORREGIMIENTO;0;SIN VEREDA;92;NARIÑO;1897
4;0;SIN CORREGIMIENTO;0;SIN VEREDA;93;PIO XII;299
4;0;SIN CORREGIMIENTO;0;SIN VEREDA;98;SAN FRANCISCO;1
4;0;SIN CORREGIMIENTO;0;SIN VEREDA;99;ALARCÓN;22
4;0;SIN CORREGIMIENTO;0;SIN VEREDA;119;GALÁN;32
4;0;SIN CORREGIMIENTO;0;SIN VEREDA;130;CENTRO;1
4;0;SIN CORREGIMIENTO;0;SIN VEREDA;131;ANTONIA SANTOS CENTRO;1
4;0;SIN CORREGIMIENTO;0;SIN VEREDA;136;SOTOMAYOR;1
4;0;SIN CORREGIMIENTO;0;SIN VEREDA;141;GARCÍA ROVIRA;26
4;0;SIN CORREGIMIENTO;0;SIN VEREDA;142;ALFONSO LÓPEZ;4
4;0;SIN CORREGIMIENTO;0;SIN VEREDA;145;CAMPO HERMOSO;1
4;0;SIN CORREGIMIENTO;0;SIN VEREDA;154;EL PANTANO II;49
4;0;SIN CORREGIMIENTO;0;SIN VEREDA;193;NUEVA GRANADA;67
4;0;SIN CORREGIMIENTO;0;SIN VEREDA;232;DANGOND;27
4;0;SIN CORREGIMIENTO;0;SIN VEREDA;240;IGSABELAR;17
4;0;SIN CORREGIMIENTO;0;SIN VEREDA;278;12 DE OCTUBRE;1230
4;0;SIN CORREGIMIENTO;0;SIN VEREDA;279;DIVINO NIÑO CENTRO ;483
4;0;SIN CORREGIMIENTO;0;SIN VEREDA;280;RESERVA DE LA INMACULADA;1517
4;0;SIN CORREGIMIENTO;0;SIN VEREDA;307;MILAGRO DE DIOS;808
4;0;SIN CORREGIMIENTO;0;SIN VEREDA;325;MARÍA AUXILIADORA;125
4;0;SIN CORREGIMIENTO;0;SIN VEREDA;333;23 DE JUNIO;596
4;0;SIN CORREGIMIENTO;0;SIN VEREDA;345;PASEO DE LA FERIA;1352
4;0;SIN CORREGIMIENTO;0;SIN VEREDA;356;BAVARIA;6
4;0;SIN CORREGIMIENTO;0;SIN VEREDA;359;GETSEMANI;1
4;0;SIN CORREGIMIENTO;0;SIN VEREDA;365;VILLAS DE GIRARDOT;2049
4;0;SIN CORREGIMIENTO;0;SIN VEREDA;368;URBANIZACIÓN LA INMACULADA;2416
4;0;SIN CORREGIMIENTO;0;SIN VEREDA;999999;BARRIO_S4;1
5;0;SIN CORREGIMIENTO;0;SIN VEREDA;17;RINCÓN DE LA PAZ;946
5;0;SIN CORREGIMIENTO;0;SIN VEREDA;82;GIRARDOT;2
5;0;SIN CORREGIMIENTO;0;SIN VEREDA;141;GARCÍA ROVIRA;64
5;0;SIN CORREGIMIENTO;0;SIN VEREDA;142;ALFONSO LÓPEZ;3340
5;0;SIN CORREGIMIENTO;0;SIN VEREDA;143;LA JOYA;2026
5;0;SIN CORREGIMIENTO;0;SIN VEREDA;144;CHORRERAS DE DON JUAN;660
5;0;SIN CORREGIMIENTO;0;SIN VEREDA;145;CAMPO HERMOSO;6876
5;0;SIN CORREGIMIENTO;0;SIN VEREDA;146;LA ESMERALDA;334
5;0;SIN CORREGIMIENTO;0;SIN VEREDA;149;PRIMERO DE MAYO;897
5;0;SIN CORREGIMIENTO;0;SIN VEREDA;150;VILLAS DEL ROMERO;1
5;0;SIN CORREGIMIENTO;0;SIN VEREDA;151;LA ESTRELLA;3
5;0;SIN CORREGIMIENTO;0;SIN VEREDA;152;QUINTA ESTRELLA;554
5;0;SIN CORREGIMIENTO;0;SIN VEREDA;153;EL PANTANO I;278
5;0;SIN CORREGIMIENTO;0;SIN VEREDA;154;EL PANTANO II;556
5;0;SIN CORREGIMIENTO;0;SIN VEREDA;155;EL PANTANO III;313
5;0;SIN CORREGIMIENTO;0;SIN VEREDA;168;FUNDADORES I Y II;1
5;0;SIN CORREGIMIENTO;0;SIN VEREDA;173;ESTORAQUES;1654
5;0;SIN CORREGIMIENTO;0;SIN VEREDA;175;PUNTA ESTRELLA;19
5;0;SIN CORREGIMIENTO;0;SIN VEREDA;192;LA SALLE;5
5;0;SIN CORREGIMIENTO;0;SIN VEREDA;285;URBANIZACIÓN LOS BUCAROS;38
5;0;SIN CORREGIMIENTO;0;SIN VEREDA;296;LA PARCELA;1
5;0;SIN CORREGIMIENTO;0;SIN VEREDA;301;CERVUNION;1
5;0;SIN CORREGIMIENTO;0;SIN VEREDA;328;CAMPESTRE NORTE ;2
5;0;SIN CORREGIMIENTO;0;SIN VEREDA;329;VILLA DEL PRADO;146
5;0;SIN CORREGIMIENTO;0;SIN VEREDA;336;12 DE FEBRERO;14
5;0;SIN CORREGIMIENTO;0;SIN VEREDA;370;CAMPO MADRID;3
6;0;SIN CORREGIMIENTO;0;SIN VEREDA;99;ALARCÓN;3
6;0;SIN CORREGIMIENTO;0;SIN VEREDA;130;CENTRO;6
6;0;SIN CORREGIMIENTO;0;SIN VEREDA;135;LA CONCORDIA;730
6;0;SIN CORREGIMIENTO;0;SIN VEREDA;137;NUEVO SOTOMAYOR;5
6;0;SIN CORREGIMIENTO;0;SIN VEREDA;144;CHORRERAS DE DON JUAN;123
6;0;SIN CORREGIMIENTO;0;SIN VEREDA;145;CAMPO HERMOSO;5
6;0;SIN CORREGIMIENTO;0;SIN VEREDA;156;CANDILES;601
6;0;SIN CORREGIMIENTO;0;SIN VEREDA;157;SAN MIGUEL;1090
6;0;SIN CORREGIMIENTO;0;SIN VEREDA;158;GOMEZ NIÑO;44
6;0;SIN CORREGIMIENTO;0;SIN VEREDA;159;RICAURTE;601
6;0;SIN CORREGIMIENTO;0;SIN VEREDA;160;LA CEIBA;18
6;0;SIN CORREGIMIENTO;0;SIN VEREDA;162;CIUDADELA REAL DE MINAS ;1
6;0;SIN CORREGIMIENTO;0;SIN VEREDA;180;CANELOS;6
6;0;SIN CORREGIMIENTO;0;SIN VEREDA;191;LA VICTORIA;54
6;0;SIN CORREGIMIENTO;0;SIN VEREDA;194;CORDONCILLO I;9
6;0;SIN CORREGIMIENTO;0;SIN VEREDA;195;PABLO VI;12
6;0;SIN CORREGIMIENTO;0;SIN VEREDA;274;BOLÍVAR;1
6;0;SIN CORREGIMIENTO;0;SIN VEREDA;286;MACAREGUA;2
6;0;SIN CORREGIMIENTO;0;SIN VEREDA;308;LA CUÑITA;1
7;0;SIN CORREGIMIENTO;0;SIN VEREDA;131;ANTONIA SANTOS CENTRO;2
7;0;SIN CORREGIMIENTO;0;SIN VEREDA;158;GOMEZ NIÑO;5
7;0;SIN CORREGIMIENTO;0;SIN VEREDA;159;RICAURTE;2
7;0;SIN CORREGIMIENTO;0;SIN VEREDA;162;CIUDADELA REAL DE MINAS ;68
7;0;SIN CORREGIMIENTO;0;SIN VEREDA;163;BALCONCITOS;481
7;0;SIN CORREGIMIENTO;0;SIN VEREDA;164;MUTIS;7
7;0;SIN CORREGIMIENTO;0;SIN VEREDA;171;CIUDAD BOLIVAR;99
7;0;SIN CORREGIMIENTO;0;SIN VEREDA;177;LOS ALMENDROS;13
7;0;SIN CORREGIMIENTO;0;SIN VEREDA;178;SAN GERARDO I Y II;48
7;0;SIN CORREGIMIENTO;0;SIN VEREDA;180;CANELOS;2
7;0;SIN CORREGIMIENTO;0;SIN VEREDA;182;BUCARAMANGA;18
7;0;SIN CORREGIMIENTO;0;SIN VEREDA;184;LAURELES;1
7;0;SIN CORREGIMIENTO;0;SIN VEREDA;187;LOS NARANJOS;10
7;0;SIN CORREGIMIENTO;0;SIN VEREDA;189;SAMANES;6
7;0;SIN CORREGIMIENTO;0;SIN VEREDA;273;BALCONES DE GRATAMIRA;8
7;0;SIN CORREGIMIENTO;0;SIN VEREDA;286;MACAREGUA;1
8;0;SIN CORREGIMIENTO;0;SIN VEREDA;12;CAFÉ MADRID EL TÚNEL;2
8;0;SIN CORREGIMIENTO;0;SIN VEREDA;18;5 DE ENERO;2
8;0;SIN CORREGIMIENTO;0;SIN VEREDA;35;MINUTO DE DIOS;3
8;0;SIN CORREGIMIENTO;0;SIN VEREDA;115;BUENAVISTA;3
8;0;SIN CORREGIMIENTO;0;SIN VEREDA;160;LA CEIBA;4
8;0;SIN CORREGIMIENTO;0;SIN VEREDA;178;SAN GERARDO I Y II;2005
8;0;SIN CORREGIMIENTO;0;SIN VEREDA;179;COLOMBIA;287
8;0;SIN CORREGIMIENTO;0;SIN VEREDA;180;CANELOS;1208
8;0;SIN CORREGIMIENTO;0;SIN VEREDA;181;MANZANA 10;277
8;0;SIN CORREGIMIENTO;0;SIN VEREDA;182;BUCARAMANGA;3683
8;0;SIN CORREGIMIENTO;0;SIN VEREDA;183;PEÑÓN DEL VALLE;5
8;0;SIN CORREGIMIENTO;0;SIN VEREDA;184;LAURELES;457
8;0;SIN CORREGIMIENTO;0;SIN VEREDA;185;CORDONCILLO II;305
8;0;SIN CORREGIMIENTO;0;SIN VEREDA;191;LA VICTORIA;7
8;0;SIN CORREGIMIENTO;0;SIN VEREDA;194;CORDONCILLO I;838
8;0;SIN CORREGIMIENTO;0;SIN VEREDA;195;PABLO VI;2231
8;0;SIN CORREGIMIENTO;0;SIN VEREDA;196;AFRIKA;261
8;0;SIN CORREGIMIENTO;0;SIN VEREDA;197;20 DE JULIO;97
8;0;SIN CORREGIMIENTO;0;SIN VEREDA;198;EL FONCE;8
8;0;SIN CORREGIMIENTO;0;SIN VEREDA;199;JUAN XXIII;1247
8;0;SIN CORREGIMIENTO;0;SIN VEREDA;281;SAN IGNACIO REAL;4
8;0;SIN CORREGIMIENTO;0;SIN VEREDA;333;23 DE JUNIO;3
8;0;SIN CORREGIMIENTO;0;SIN VEREDA;349;JUAN XXIII CANCHA LA GUACAMAYA;58
9;0;SIN CORREGIMIENTO;0;SIN VEREDA;192;LA SALLE;11
9;0;SIN CORREGIMIENTO;0;SIN VEREDA;193;NUEVA GRANADA;383
9;0;SIN CORREGIMIENTO;0;SIN VEREDA;200;ANTONIA SANTOS SUR;110
9;0;SIN CORREGIMIENTO;0;SIN VEREDA;201;QUEBRADA LA IGLESIA;416
9;0;SIN CORREGIMIENTO;0;SIN VEREDA;202;SAN PEDRO;706
9;0;SIN CORREGIMIENTO;0;SIN VEREDA;203;SAN MARTÍN;1686
9;0;SIN CORREGIMIENTO;0;SIN VEREDA;204;EL SOL I Y II;687
9;0;SIN CORREGIMIENTO;0;SIN VEREDA;205;GUAYACANES;6
9;0;SIN CORREGIMIENTO;0;SIN VEREDA;207;LA PEDREGOSA;187
9;0;SIN CORREGIMIENTO;0;SIN VEREDA;208;DIAMANTE I;65
9;0;SIN CORREGIMIENTO;0;SIN VEREDA;209;LAS CASITAS;279
9;0;SIN CORREGIMIENTO;0;SIN VEREDA;210;VILLA INES;14
9;0;SIN CORREGIMIENTO;0;SIN VEREDA;211;ASTURIAS;4
9;0;SIN CORREGIMIENTO;0;SIN VEREDA;213;LA LIBERTAD;181
9;0;SIN CORREGIMIENTO;0;SIN VEREDA;239;MANUELA BELTRÁN ;4
9;0;SIN CORREGIMIENTO;0;SIN VEREDA;288;PORTOFINO;1
9;0;SIN CORREGIMIENTO;0;SIN VEREDA;316;MIRADOR DE SAN LORENZO;5
10;0;SIN CORREGIMIENTO;0;SIN VEREDA;0;BARRIO_S4;3
10;0;SIN CORREGIMIENTO;0;SIN VEREDA;182;BUCARAMANGA;3
10;0;SIN CORREGIMIENTO;0;SIN VEREDA;220;DIAMANTE II;43
10;0;SIN CORREGIMIENTO;0;SIN VEREDA;221;SAN LUIS;36
10;0;SIN CORREGIMIENTO;0;SIN VEREDA;222;PROVENZA;57
10;0;SIN CORREGIMIENTO;0;SIN VEREDA;225;EL CRISTAL;3607
10;0;SIN CORREGIMIENTO;0;SIN VEREDA;226;GRANJAS DE PROVENZA;1231
10;0;SIN CORREGIMIENTO;0;SIN VEREDA;227;GRANJAS DE JULIO RINCÓN;1
10;0;SIN CORREGIMIENTO;0;SIN VEREDA;228;EL ROCIO;1
10;0;SIN CORREGIMIENTO;0;SIN VEREDA;233;"LUZ DE SALVACIÓN BAJO		";120
10;0;SIN CORREGIMIENTO;0;SIN VEREDA;234;DELICIAS ALTAS Y BAJAS SUR;4
10;0;SIN CORREGIMIENTO;0;SIN VEREDA;243;CIUDAD VENECIA ;5
10;0;SIN CORREGIMIENTO;0;SIN VEREDA;284;FONTANA;12
10;0;SIN CORREGIMIENTO;0;SIN VEREDA;317;NUEVA FONTANA;8
10;0;SIN CORREGIMIENTO;0;SIN VEREDA;326;VIVEROS DE PROVENZA;463
10;0;SIN CORREGIMIENTO;0;SIN VEREDA;327;LUZ DE SALVACIÓN ALTO;2116
10;0;SIN CORREGIMIENTO;0;SIN VEREDA;331;BRISAS DE PROVENZA ;1361
11;0;SIN CORREGIMIENTO;0;SIN VEREDA;9;LAS DELICIAS;3
11;0;SIN CORREGIMIENTO;0;SIN VEREDA;12;CAFÉ MADRID EL TÚNEL;5
11;0;SIN CORREGIMIENTO;0;SIN VEREDA;142;ALFONSO LÓPEZ;1
11;0;SIN CORREGIMIENTO;0;SIN VEREDA;174;EL BUENO;7
11;0;SIN CORREGIMIENTO;0;SIN VEREDA;194;CORDONCILLO I;1
11;0;SIN CORREGIMIENTO;0;SIN VEREDA;222;PROVENZA;4
11;0;SIN CORREGIMIENTO;0;SIN VEREDA;223;PORVENIR BAJO;33
11;0;SIN CORREGIMIENTO;0;SIN VEREDA;225;EL CRISTAL;2
11;0;SIN CORREGIMIENTO;0;SIN VEREDA;226;GRANJAS DE PROVENZA;22
11;0;SIN CORREGIMIENTO;0;SIN VEREDA;227;GRANJAS DE JULIO RINCÓN;715
11;0;SIN CORREGIMIENTO;0;SIN VEREDA;228;EL ROCIO;813
11;0;SIN CORREGIMIENTO;0;SIN VEREDA;229;VILLA SARA;21
11;0;SIN CORREGIMIENTO;0;SIN VEREDA;230;VILLA ALICIA;24
11;0;SIN CORREGIMIENTO;0;SIN VEREDA;231;TOLEDO PLATA ;672
11;0;SIN CORREGIMIENTO;0;SIN VEREDA;232;DANGOND;504
11;0;SIN CORREGIMIENTO;0;SIN VEREDA;233;"LUZ DE SALVACIÓN BAJO		";756
11;0;SIN CORREGIMIENTO;0;SIN VEREDA;234;DELICIAS ALTAS Y BAJAS SUR;133
11;0;SIN CORREGIMIENTO;0;SIN VEREDA;236;VILLA CANDADO;63
11;0;SIN CORREGIMIENTO;0;SIN VEREDA;237;MALPASO;357
11;0;SIN CORREGIMIENTO;0;SIN VEREDA;238;EL PORVENIR;299
11;0;SIN CORREGIMIENTO;0;SIN VEREDA;239;MANUELA BELTRÁN ;1410
11;0;SIN CORREGIMIENTO;0;SIN VEREDA;240;IGSABELAR;186
11;0;SIN CORREGIMIENTO;0;SIN VEREDA;241;SANTAMARÍA;992
11;0;SIN CORREGIMIENTO;0;SIN VEREDA;242;COAVICONSA;64
11;0;SIN CORREGIMIENTO;0;SIN VEREDA;243;CIUDAD VENECIA ;445
11;0;SIN CORREGIMIENTO;0;SIN VEREDA;244;VILLA FLOR;38
11;0;SIN CORREGIMIENTO;0;SIN VEREDA;290;LOS CONQUISTADORES;899
11;0;SIN CORREGIMIENTO;0;SIN VEREDA;326;VIVEROS DE PROVENZA;11
11;0;SIN CORREGIMIENTO;0;SIN VEREDA;331;BRISAS DE PROVENZA ;19
11;0;SIN CORREGIMIENTO;0;SIN VEREDA;340;GRANJAS REAGAN;700
11;0;SIN CORREGIMIENTO;0;SIN VEREDA;344;BALCONES DEL SUR;771
11;0;SIN CORREGIMIENTO;0;SIN VEREDA;346;JARDINES DE ALTAGRACIA;1
11;0;SIN CORREGIMIENTO;0;SIN VEREDA;347;BRISAS DEL PARAÍSO ;917
11;0;SIN CORREGIMIENTO;0;SIN VEREDA;352;VILLAREAL;806
11;0;SIN CORREGIMIENTO;0;SIN VEREDA;361;VILLAS DEL NOGAL;978
11;0;SIN CORREGIMIENTO;0;SIN VEREDA;362;PUNTA PARAISO;905
11;0;SIN CORREGIMIENTO;0;SIN VEREDA;367;BRISAS DEL PALMAR;239
11;0;SIN CORREGIMIENTO;0;SIN VEREDA;999999;BARRIO_S4;11
12;0;SIN CORREGIMIENTO;0;SIN VEREDA;121;QUEBRADA PAN DE AZÚCAR;14
12;0;SIN CORREGIMIENTO;0;SIN VEREDA;123;CABECERA DEL LLANO;3
12;0;SIN CORREGIMIENTO;0;SIN VEREDA;126;PAN DE AZUCAR;7
12;0;SIN CORREGIMIENTO;0;SIN VEREDA;135;LA CONCORDIA;15
12;0;SIN CORREGIMIENTO;0;SIN VEREDA;136;SOTOMAYOR;15
12;0;SIN CORREGIMIENTO;0;SIN VEREDA;138;BOLARQUI;4
12;0;SIN CORREGIMIENTO;0;SIN VEREDA;139;MERCEDES;8
12;0;SIN CORREGIMIENTO;0;SIN VEREDA;140;CONUCOS;4
12;0;SIN CORREGIMIENTO;0;SIN VEREDA;161;PUERTA DEL SOL;2
12;0;SIN CORREGIMIENTO;0;SIN VEREDA;201;QUEBRADA LA IGLESIA;5
13;0;SIN CORREGIMIENTO;0;SIN VEREDA;2;EL PAULON VILLA LINA;3
13;0;SIN CORREGIMIENTO;0;SIN VEREDA;3;COLORADOS;8
13;0;SIN CORREGIMIENTO;0;SIN VEREDA;32;MARÍA PAZ;5
13;0;SIN CORREGIMIENTO;0;SIN VEREDA;51;LIZCANO I Y II;13
13;0;SIN CORREGIMIENTO;0;SIN VEREDA;67;TRANSICIÓN I AL V;5
13;0;SIN CORREGIMIENTO;0;SIN VEREDA;75;SAN RAFAEL;1
13;0;SIN CORREGIMIENTO;0;SIN VEREDA;76;CHAPINERO;1
13;0;SIN CORREGIMIENTO;0;SIN VEREDA;79;LA FERIA;3
13;0;SIN CORREGIMIENTO;0;SIN VEREDA;95;COMUNEROS;1
13;0;SIN CORREGIMIENTO;0;SIN VEREDA;98;SAN FRANCISCO;1
13;0;SIN CORREGIMIENTO;0;SIN VEREDA;99;ALARCÓN;1
13;0;SIN CORREGIMIENTO;0;SIN VEREDA;100;SAN ALONSO;157
13;0;SIN CORREGIMIENTO;0;SIN VEREDA;102;LOS PINOS;4
13;0;SIN CORREGIMIENTO;0;SIN VEREDA;104;EL VENADO DE ORO MORRORRICO;1
13;0;SIN CORREGIMIENTO;0;SIN VEREDA;107;LOS SAUCES;246
13;0;SIN CORREGIMIENTO;0;SIN VEREDA;110;MORRORRICO;3
13;0;SIN CORREGIMIENTO;0;SIN VEREDA;112;EL DIVISO;3
13;0;SIN CORREGIMIENTO;0;SIN VEREDA;113;PUERTO RICO;306
13;0;SIN CORREGIMIENTO;0;SIN VEREDA;116;MIRAFLORES;8
13;0;SIN CORREGIMIENTO;0;SIN VEREDA;117;ALBANIA;28
13;0;SIN CORREGIMIENTO;0;SIN VEREDA;118;LAS AMÉRICAS;2
13;0;SIN CORREGIMIENTO;0;SIN VEREDA;119;GALÁN;11
13;0;SIN CORREGIMIENTO;0;SIN VEREDA;120;ÁLVAREZ;108
13;0;SIN CORREGIMIENTO;0;SIN VEREDA;122;EL PRADO;14
13;0;SIN CORREGIMIENTO;0;SIN VEREDA;130;CENTRO;59
13;0;SIN CORREGIMIENTO;0;SIN VEREDA;131;ANTONIA SANTOS CENTRO;270
13;0;SIN CORREGIMIENTO;0;SIN VEREDA;132;MEJORAS PUBLICAS;6
13;0;SIN CORREGIMIENTO;0;SIN VEREDA;133;LA AURORA;13
13;0;SIN CORREGIMIENTO;0;SIN VEREDA;136;SOTOMAYOR;3
13;0;SIN CORREGIMIENTO;0;SIN VEREDA;142;ALFONSO LÓPEZ;3
13;0;SIN CORREGIMIENTO;0;SIN VEREDA;143;LA JOYA;2
13;0;SIN CORREGIMIENTO;0;SIN VEREDA;145;CAMPO HERMOSO;10
13;0;SIN CORREGIMIENTO;0;SIN VEREDA;154;EL PANTANO II;5
13;0;SIN CORREGIMIENTO;0;SIN VEREDA;164;MUTIS;1
13;0;SIN CORREGIMIENTO;0;SIN VEREDA;173;ESTORAQUES;12
13;0;SIN CORREGIMIENTO;0;SIN VEREDA;178;SAN GERARDO I Y II;4
13;0;SIN CORREGIMIENTO;0;SIN VEREDA;179;COLOMBIA;5
13;0;SIN CORREGIMIENTO;0;SIN VEREDA;182;BUCARAMANGA;4
13;0;SIN CORREGIMIENTO;0;SIN VEREDA;184;LAURELES;12
13;0;SIN CORREGIMIENTO;0;SIN VEREDA;196;AFRIKA;2
13;0;SIN CORREGIMIENTO;0;SIN VEREDA;200;ANTONIA SANTOS SUR;9
13;0;SIN CORREGIMIENTO;0;SIN VEREDA;202;SAN PEDRO;5
13;0;SIN CORREGIMIENTO;0;SIN VEREDA;222;PROVENZA;2
13;0;SIN CORREGIMIENTO;0;SIN VEREDA;233;"LUZ DE SALVACIÓN BAJO		";5
13;0;SIN CORREGIMIENTO;0;SIN VEREDA;239;MANUELA BELTRÁN ;2
13;0;SIN CORREGIMIENTO;0;SIN VEREDA;274;BOLÍVAR;45
13;0;SIN CORREGIMIENTO;0;SIN VEREDA;278;12 DE OCTUBRE;10
13;0;SIN CORREGIMIENTO;0;SIN VEREDA;322;QUINTA BRIGADA;99
13;0;SIN CORREGIMIENTO;0;SIN VEREDA;327;LUZ DE SALVACIÓN ALTO;3
13;0;SIN CORREGIMIENTO;0;SIN VEREDA;328;CAMPESTRE NORTE ;3
13;0;SIN CORREGIMIENTO;0;SIN VEREDA;331;BRISAS DE PROVENZA ;3
13;0;SIN CORREGIMIENTO;0;SIN VEREDA;340;GRANJAS REAGAN;1
13;0;SIN CORREGIMIENTO;0;SIN VEREDA;345;PASEO DE LA FERIA;1
13;0;SIN CORREGIMIENTO;0;SIN VEREDA;368;URBANIZACIÓN LA INMACULADA;15
13;0;SIN CORREGIMIENTO;0;SIN VEREDA;999999;BARRIO_S4;3
14;0;SIN CORREGIMIENTO;0;SIN VEREDA;0;BARRIO_S4;3
14;0;SIN CORREGIMIENTO;0;SIN VEREDA;40;MIRAMAR;2
14;0;SIN CORREGIMIENTO;0;SIN VEREDA;102;LOS PINOS;3
14;0;SIN CORREGIMIENTO;0;SIN VEREDA;103;LA FLORA MORRORRICO;2
14;0;SIN CORREGIMIENTO;0;SIN VEREDA;104;EL VENADO DE ORO MORRORRICO;390
14;0;SIN CORREGIMIENTO;0;SIN VEREDA;105;LA MALAÑA;340
14;0;SIN CORREGIMIENTO;0;SIN VEREDA;107;LOS SAUCES;44
14;0;SIN CORREGIMIENTO;0;SIN VEREDA;108;LIMONCITO MORRORRICO;1262
14;0;SIN CORREGIMIENTO;0;SIN VEREDA;109;VEGAS DE MORRORRICO;766
14;0;SIN CORREGIMIENTO;0;SIN VEREDA;110;MORRORRICO;421
14;0;SIN CORREGIMIENTO;0;SIN VEREDA;112;EL DIVISO;1180
14;0;SIN CORREGIMIENTO;0;SIN VEREDA;114;BUENOS AIRES;3476
14;0;SIN CORREGIMIENTO;0;SIN VEREDA;115;BUENAVISTA;1514
14;0;SIN CORREGIMIENTO;0;SIN VEREDA;116;MIRAFLORES;3459
14;0;SIN CORREGIMIENTO;0;SIN VEREDA;117;ALBANIA;2685
14;0;SIN CORREGIMIENTO;0;SIN VEREDA;142;ALFONSO LÓPEZ;1
14;0;SIN CORREGIMIENTO;0;SIN VEREDA;360;EL RETIRO MORRORRICO;1307
14;0;SIN CORREGIMIENTO;0;SIN VEREDA;369;MIRAMANGA;563
15;0;SIN CORREGIMIENTO;0;SIN VEREDA;82;GIRARDOT;1
15;0;SIN CORREGIMIENTO;0;SIN VEREDA;130;CENTRO;258
15;0;SIN CORREGIMIENTO;0;SIN VEREDA;131;ANTONIA SANTOS CENTRO;14
15;0;SIN CORREGIMIENTO;0;SIN VEREDA;139;MERCEDES;6
15;0;SIN CORREGIMIENTO;0;SIN VEREDA;141;GARCÍA ROVIRA;125
15;0;SIN CORREGIMIENTO;0;SIN VEREDA;142;ALFONSO LÓPEZ;36
15;0;SIN CORREGIMIENTO;0;SIN VEREDA;143;LA JOYA;1
15;0;SIN CORREGIMIENTO;0;SIN VEREDA;144;CHORRERAS DE DON JUAN;5
15;0;SIN CORREGIMIENTO;0;SIN VEREDA;274;BOLÍVAR;2
16;0;SIN CORREGIMIENTO;0;SIN VEREDA;203;SAN MARTÍN;3
16;0;SIN CORREGIMIENTO;0;SIN VEREDA;205;GUAYACANES;200
16;0;SIN CORREGIMIENTO;0;SIN VEREDA;207;LA PEDREGOSA;171
16;0;SIN CORREGIMIENTO;0;SIN VEREDA;215;PORTON DEL TEJAR;4
16;0;SIN CORREGIMIENTO;0;SIN VEREDA;216;ALTOS DEL CACIQUE;10
16;0;SIN CORREGIMIENTO;0;SIN VEREDA;217;HACIENDA SAN JUAN;8
16;0;SIN CORREGIMIENTO;0;SIN VEREDA;218;SAN EXPEDITO;317
16;0;SIN CORREGIMIENTO;0;SIN VEREDA;219;SANTA BARBARA CASAS;28
16;0;SIN CORREGIMIENTO;0;SIN VEREDA;315;LAGOS DEL CACIQUE;7
16;0;SIN CORREGIMIENTO;0;SIN VEREDA;341;BOSQUE DEL CACIQUE;36
17;0;SIN CORREGIMIENTO;0;SIN VEREDA;110;MORRORRICO;2
17;0;SIN CORREGIMIENTO;0;SIN VEREDA;152;QUINTA ESTRELLA;2
17;0;SIN CORREGIMIENTO;0;SIN VEREDA;162;CIUDADELA REAL DE MINAS ;8
17;0;SIN CORREGIMIENTO;0;SIN VEREDA;164;MUTIS;653
17;0;SIN CORREGIMIENTO;0;SIN VEREDA;165;BRISAS DEL MUTIS;58
17;0;SIN CORREGIMIENTO;0;SIN VEREDA;166;MONTERREDONDO;1186
17;0;SIN CORREGIMIENTO;0;SIN VEREDA;168;FUNDADORES I Y II;12
17;0;SIN CORREGIMIENTO;0;SIN VEREDA;170;MANZANARES;32
17;0;SIN CORREGIMIENTO;0;SIN VEREDA;172;PRADOS DEL MUTIS;82
17;0;SIN CORREGIMIENTO;0;SIN VEREDA;173;ESTORAQUES;3259
17;0;SIN CORREGIMIENTO;0;SIN VEREDA;174;EL BUENO;8
17;0;SIN CORREGIMIENTO;0;SIN VEREDA;176;LOS HÉROES;90
17;0;SIN CORREGIMIENTO;0;SIN VEREDA;360;EL RETIRO MORRORRICO;5
17;0;SIN CORREGIMIENTO;0;SIN VEREDA;363;LA GRAN LADERA;594
99;0;SIN CORREGIMIENTO;0;SIN VEREDA;0;BARRIO_S4;52
99;0;SIN CORREGIMIENTO;246;EL PEDREGAL;0;BARRIO_S4;3
99;0;SIN CORREGIMIENTO;255;LOS SANTOS;0;BARRIO_S4;39
99;0;SIN CORREGIMIENTO;261;VIJAGUAL;0;BARRIO_S4;9
99;0;SIN CORREGIMIENTO;267;LA SABANA;0;BARRIO_S4;4
99;0;SIN CORREGIMIENTO;269;ANGELINOS;0;BARRIO_S4;1
99;0;SIN CORREGIMIENTO;277;SANTA BARBARA;0;BARRIO_S4;12
99;0;SIN CORREGIMIENTO;295;EL NOGAL;0;BARRIO_S4;65
99;0;SIN CORREGIMIENTO;358;VILLA CARMELO;0;BARRIO_S4;14
99;0;SIN CORREGIMIENTO;364;VILLA LUZ CAMPESTRE;0;BARRIO_S4;5
99;1;CORREGIMIENTO UNO;0;SIN VEREDA;0;BARRIO_S4;171
99;1;CORREGIMIENTO UNO;246;EL PEDREGAL;0;BARRIO_S4;12
99;1;CORREGIMIENTO UNO;248;LA MALAÑA;0;BARRIO_S4;1
99;1;CORREGIMIENTO UNO;250;RETIRO GRANDE;0;BARRIO_S4;4
99;1;CORREGIMIENTO UNO;255;LOS SANTOS;0;BARRIO_S4;5
99;1;CORREGIMIENTO UNO;261;VIJAGUAL;0;BARRIO_S4;211
99;1;CORREGIMIENTO UNO;262;SAN CAYETANO;0;BARRIO_S4;145
99;1;CORREGIMIENTO UNO;263;EL ABURRIDO;0;BARRIO_S4;213
99;1;CORREGIMIENTO UNO;264;SAN PEDRO ALTO;0;BARRIO_S4;69
99;1;CORREGIMIENTO UNO;265;SANTA RITA;0;BARRIO_S4;96
99;1;CORREGIMIENTO UNO;266;SAN IGNACIO;0;BARRIO_S4;187
99;1;CORREGIMIENTO UNO;267;LA SABANA;0;BARRIO_S4;310
99;1;CORREGIMIENTO UNO;268;LA ESMERALDA;0;BARRIO_S4;219
99;1;CORREGIMIENTO UNO;269;ANGELINOS;0;BARRIO_S4;427
99;1;CORREGIMIENTO UNO;275;SAN PEDRO BAJO;0;BARRIO_S4;327
99;1;CORREGIMIENTO UNO;277;SANTA BARBARA;0;BARRIO_S4;6
99;1;CORREGIMIENTO UNO;282;CAPILLA BAJA;0;BARRIO_S4;8
99;1;CORREGIMIENTO UNO;295;EL NOGAL;0;BARRIO_S4;768
99;1;CORREGIMIENTO UNO;355;EL PEDREGAL;0;BARRIO_S4;4
99;1;CORREGIMIENTO UNO;358;VILLA CARMELO;0;BARRIO_S4;842
99;1;CORREGIMIENTO UNO;364;VILLA LUZ CAMPESTRE;0;BARRIO_S4;437
99;1;CORREGIMIENTO UNO;999;SIN VEREDA;0;BARRIO_S4;5
99;2;CORREGIMIENTO DOS;0;SIN VEREDA;0;BARRIO_S4;183
99;2;CORREGIMIENTO DOS;246;EL PEDREGAL;0;BARRIO_S4;11
99;2;CORREGIMIENTO DOS;251;SAN JOSE;0;BARRIO_S4;3
99;2;CORREGIMIENTO DOS;253;ROSA BLANCA;0;BARRIO_S4;194
99;2;CORREGIMIENTO DOS;254;CUCHILLA ALTA;0;BARRIO_S4;82
99;2;CORREGIMIENTO DOS;255;LOS SANTOS;0;BARRIO_S4;242
99;2;CORREGIMIENTO DOS;256;CAPILLA ALTA;0;BARRIO_S4;194
99;2;CORREGIMIENTO DOS;258;BOLARQUÍ BAJO;0;BARRIO_S4;128
99;2;CORREGIMIENTO DOS;259;MONSERRATE;0;BARRIO_S4;150
99;2;CORREGIMIENTO DOS;260;MAGUEYES;0;BARRIO_S4;179
99;2;CORREGIMIENTO DOS;265;SANTA RITA;0;BARRIO_S4;84
99;2;CORREGIMIENTO DOS;267;LA SABANA;0;BARRIO_S4;4
99;2;CORREGIMIENTO DOS;269;ANGELINOS;0;BARRIO_S4;22
99;2;CORREGIMIENTO DOS;282;CAPILLA BAJA;0;BARRIO_S4;309
99;2;CORREGIMIENTO DOS;283;BOLARQUÍ ALTO;0;BARRIO_S4;131
99;2;CORREGIMIENTO DOS;295;EL NOGAL;0;BARRIO_S4;13
99;2;CORREGIMIENTO DOS;358;VILLA CARMELO;0;BARRIO_S4;7
99;2;CORREGIMIENTO DOS;364;VILLA LUZ CAMPESTRE;0;BARRIO_S4;9
99;2;CORREGIMIENTO DOS;527;RETIRO GRANDE PARTE BAJA;0;BARRIO_S4;26
99;3;CORREGIMIENTO TRES;0;SIN VEREDA;0;BARRIO_S4;1
99;3;CORREGIMIENTO TRES;246;EL PEDREGAL;0;BARRIO_S4;185
99;3;CORREGIMIENTO TRES;248;LA MALAÑA;0;BARRIO_S4;395
99;3;CORREGIMIENTO TRES;249;EL GUALILO ALTO;0;BARRIO_S4;214
99;3;CORREGIMIENTO TRES;250;RETIRO GRANDE;0;BARRIO_S4;128
99;3;CORREGIMIENTO TRES;251;SAN JOSE;0;BARRIO_S4;241
99;3;CORREGIMIENTO TRES;252;RETIRO CHIQUITO;0;BARRIO_S4;308
99;3;CORREGIMIENTO TRES;254;CUCHILLA ALTA;0;BARRIO_S4;3
99;3;CORREGIMIENTO TRES;255;LOS SANTOS;0;BARRIO_S4;4
99;3;CORREGIMIENTO TRES;259;MONSERRATE;0;BARRIO_S4;7
99;3;CORREGIMIENTO TRES;276;EL GUALILO BAJO;0;BARRIO_S4;323
99;3;CORREGIMIENTO TRES;277;SANTA BARBARA;0;BARRIO_S4;913
99;3;CORREGIMIENTO TRES;355;EL PEDREGAL;0;BARRIO_S4;569
99;3;CORREGIMIENTO TRES;527;RETIRO GRANDE PARTE BAJA;0;BARRIO_S4;8
